id,breed,horse_age,horse_gender,feed_keywords,temp_max,temp_min,precipitation,location,colic_keywords,feed_count,horse_keeping,age_group,risk_combination,is_colic
1,Trakehner,22,stallion,haylage,7.6,4.9,1.5,Cologne,spasmodic,1,stable,21+,stallion_stable,True
2,Holsteiner,17,mare,fresh grass,8.5,-2.7,0.0,Dresden,spasmodic,1,pasture,16-20,mare_pasture,True
3,Friese,25,gelding,haylage,23.0,15.6,2.3,Munich,spasmodic,1,stable,21+,gelding_stable,True
4,Paint Horse,27,mare,silage,3.3,-2.5,0.2,Nuremberg,spasmodic,1,paddock,21+,mare_paddock,True
5,Württemberger,18,stallion,"hay, silage",8.8,6.0,6.2,Munich,sand,2,pasture,16-20,stallion_pasture,True
6,Württemberger,13,gelding,hay,18.9,12.2,0.0,Munich,"impaction, spasmodic",1,pasture,11-15,gelding_pasture,True
7,Württemberger,7,stallion,fresh grass,-1.4,-7.0,1.7,Nuremberg,"spasmodic, torsion",1,stable,6-10,stallion_stable,True
8,Westfale,19,gelding,hay,23.6,10.9,0.0,Frankfurt,"spasmodic, torsion",1,paddock,16-20,gelding_paddock,True
9,Andalusier,21,stallion,"fresh grass, hay",19.9,6.3,0.0,Leipzig,gas,2,pasture,21+,stallion_pasture,True
10,American Quarter Horse,15,gelding,"haylage, silage",1.1,-5.1,9.5,Munich,"impaction, torsion",2,paddock,11-15,gelding_paddock,True
11,Andalusier,21,gelding,hay,8.3,2.6,0.0,Cologne,sand,1,paddock,21+,gelding_paddock,True
12,Trakehner,8,mare,haylage,19.4,7.2,0.0,Nuremberg,gas,1,pasture,6-10,mare_pasture,True
13,Islandpferd,29,gelding,hay,11.2,7.4,5.2,Dresden,gas,1,stable,21+,gelding_stable,True
14,Arabisches Vollblut,4,stallion,straw,23.0,14.2,0.0,Nuremberg,sand,1,paddock,0-5,stallion_paddock,True
15,Andalusier,28,gelding,"corn, fresh grass",13.8,5.1,0.1,Cologne,displacement,2,pasture,21+,gelding_pasture,True
16,Appaloosa,20,stallion,"hay, straw",20.4,13.8,1.4,Stuttgart,"gas, impaction",2,stable,16-20,stallion_stable,True
17,Shetlandpony,10,gelding,silage,21.2,10.9,0.4,Frankfurt,"gas, spasmodic",1,stable,6-10,gelding_stable,True
18,Friese,14,gelding,hay,17.2,9.0,10.9,Munich,impaction,1,stable,11-15,gelding_stable,True
19,Islandpferd,22,mare,corn,22.8,18.6,7.6,Nuremberg,"impaction, torsion",1,pasture,21+,mare_pasture,True
20,Shetlandpony,23,stallion,haylage,5.7,-2.5,0.2,Munich,spasmodic,1,paddock,21+,stallion_paddock,True
21,Welsh Pony,8,stallion,straw,17.0,8.2,0.0,Berlin,impaction,1,pasture,6-10,stallion_pasture,True
22,Englische Vollblüter,12,mare,"hay, haylage",8.9,1.9,0.0,Nuremberg,impaction,2,pasture,11-15,mare_pasture,True
23,Islandpferd,16,gelding,haylage,21.6,15.4,1.2,Munich,torsion,1,paddock,16-20,gelding_paddock,True
24,Deutsches Reitpony,22,mare,silage,4.7,2.3,1.3,Hamburg,impaction,1,stable,21+,mare_stable,True
25,Shetlandpony,28,gelding,"pellets, silage",2.5,-6.3,0.0,Leipzig,gas,2,stable,21+,gelding_stable,True
26,Welsh Pony,28,mare,hay,18.8,9.8,0.0,Stuttgart,displacement,1,pasture,21+,mare_pasture,True
27,Westfale,30,gelding,"corn, hay",20.4,12.1,1.1,Hamburg,gas,2,paddock,21+,gelding_paddock,True
28,Appaloosa,27,stallion,hay,5.5,-3.6,0.0,Munich,"displacement, torsion",1,stable,21+,stallion_stable,True
29,Englische Vollblüter,6,mare,"hay, silage",19.2,8.5,0.5,Leipzig,torsion,2,stable,6-10,mare_stable,True
30,Shetlandpony,26,stallion,haylage,8.8,3.9,3.1,Frankfurt,impaction,1,pasture,21+,stallion_pasture,True
31,Shetlandpony,23,mare,pellets,0.8,-6.5,0.0,Stuttgart,"impaction, spasmodic",1,pasture,21+,mare_pasture,True
32,Haflinger,22,gelding,silage,12.8,-1.6,0.0,Dresden,sand,1,paddock,21+,gelding_paddock,True
33,Arabisches Vollblut,18,gelding,hay,9.6,3.6,3.9,Leipzig,"displacement, spasmodic",1,stable,16-20,gelding_stable,True
34,Oldenburger,5,gelding,haylage,31.0,17.2,0.0,Leipzig,sand,1,pasture,0-5,gelding_pasture,True
35,Haflinger,12,mare,silage,5.0,2.0,13.0,Nuremberg,"displacement, impaction",1,paddock,11-15,mare_paddock,True
36,Oldenburger,21,stallion,haylage,35.9,21.5,0.5,Hanover,"impaction, spasmodic",1,paddock,21+,stallion_paddock,True
37,Shetlandpony,9,stallion,"haylage, silage",27.5,17.7,0.0,Hanover,impaction,2,pasture,6-10,stallion_pasture,True
38,Holsteiner,22,gelding,straw,26.3,15.2,0.0,Nuremberg,sand,1,paddock,21+,gelding_paddock,True
39,Friese,20,gelding,haylage,17.7,8.6,0.7,Nuremberg,torsion,1,pasture,16-20,gelding_pasture,True
40,Arabisches Vollblut,23,stallion,"fresh grass, hay",12.0,1.0,0.0,Cologne,spasmodic,2,stable,21+,stallion_stable,True
41,Oldenburger,30,mare,"silage, straw",5.5,-1.7,0.0,Munich,"displacement, impaction",2,pasture,21+,mare_pasture,True
42,Islandpferd,4,mare,"haylage, silage",20.3,10.5,0.0,Munich,sand,2,pasture,0-5,mare_pasture,True
43,Paint Horse,9,gelding,pellets,3.7,-3.5,1.0,Nuremberg,spasmodic,1,pasture,6-10,gelding_pasture,True
44,Deutsches Reitpony,17,mare,pellets,6.2,1.4,1.6,Hamburg,spasmodic,1,stable,16-20,mare_stable,True
45,Holsteiner,12,gelding,"pellets, straw",18.6,6.9,0.0,Leipzig,gas,2,pasture,11-15,gelding_pasture,True
46,Lipizzaner,24,stallion,"haylage, pellets",23.5,10.7,1.8,Dresden,gas,2,pasture,21+,stallion_pasture,True
47,Paint Horse,7,gelding,straw,20.6,14.6,1.4,Munich,sand,1,paddock,6-10,gelding_paddock,True
48,Arabisches Vollblut,23,mare,pellets,13.6,4.4,0.0,Nuremberg,spasmodic,1,pasture,21+,mare_pasture,True
49,Haflinger,8,mare,hay,18.7,9.5,2.3,Stuttgart,"displacement, impaction",1,paddock,6-10,mare_paddock,True
50,Lipizzaner,27,mare,"hay, haylage",9.0,-1.8,0.0,Stuttgart,sand,2,paddock,21+,mare_paddock,True
51,Andalusier,24,gelding,haylage,24.6,14.8,0.0,Berlin,impaction,1,stable,21+,gelding_stable,True
52,Islandpferd,28,mare,"hay, pellets",13.1,8.4,0.7,Leipzig,impaction,2,stable,21+,mare_stable,True
53,Württemberger,5,stallion,"haylage, straw",17.3,10.8,0.9,Dresden,"displacement, spasmodic",2,stable,0-5,stallion_stable,True
54,Oldenburger,25,mare,haylage,18.0,14.4,33.8,Munich,"impaction, sand",1,paddock,21+,mare_paddock,True
55,Hannoveraner,15,gelding,hay,14.7,9.9,0.0,Hanover,torsion,1,paddock,11-15,gelding_paddock,True
56,Lipizzaner,27,mare,hay,23.5,16.4,0.0,Leipzig,spasmodic,1,paddock,21+,mare_paddock,True
57,Oldenburger,28,mare,haylage,19.5,10.2,5.2,Stuttgart,"sand, spasmodic",1,stable,21+,mare_stable,True
58,Islandpferd,19,mare,hay,7.3,4.6,0.0,Berlin,torsion,1,paddock,16-20,mare_paddock,True
59,Oldenburger,13,mare,"haylage, pellets",23.6,10.3,0.0,Frankfurt,spasmodic,2,stable,11-15,mare_stable,True
60,Oldenburger,7,mare,"hay, silage",0.4,-1.0,0.0,Hamburg,displacement,2,paddock,6-10,mare_paddock,True
61,Friese,29,gelding,corn,21.6,12.0,0.6,Leipzig,"displacement, impaction",1,stable,21+,gelding_stable,True
62,Oldenburger,3,gelding,haylage,12.0,5.2,0.5,Berlin,"sand, spasmodic",1,pasture,0-5,gelding_pasture,True
63,Englische Vollblüter,21,gelding,straw,6.5,1.8,7.4,Dresden,gas,1,paddock,21+,gelding_paddock,True
64,American Quarter Horse,3,stallion,"hay, pellets",27.2,18.5,2.3,Hanover,torsion,2,paddock,0-5,stallion_paddock,True
65,Englische Vollblüter,15,gelding,silage,11.7,1.8,1.3,Cologne,impaction,1,pasture,11-15,gelding_pasture,True
66,Islandpferd,13,stallion,hay,12.4,-0.2,0.0,Frankfurt,impaction,1,paddock,11-15,stallion_paddock,True
67,Lipizzaner,2,stallion,hay,10.6,2.8,8.9,Stuttgart,"displacement, torsion",1,paddock,0-5,stallion_paddock,True
68,Appaloosa,16,gelding,haylage,3.2,-4.0,0.2,Frankfurt,spasmodic,1,pasture,16-20,gelding_pasture,True
69,Haflinger,14,mare,"corn, pellets",28.6,17.2,0.0,Dresden,impaction,2,pasture,11-15,mare_pasture,True
70,Andalusier,2,stallion,pellets,19.6,15.0,0.0,Leipzig,"impaction, sand",1,paddock,0-5,stallion_paddock,True
71,American Quarter Horse,13,gelding,silage,23.6,15.7,3.1,Dresden,gas,1,stable,11-15,gelding_stable,True
72,Trakehner,20,mare,hay,18.7,11.0,0.0,Leipzig,spasmodic,1,stable,16-20,mare_stable,True
73,Appaloosa,7,gelding,straw,1.0,-0.3,4.6,Hamburg,torsion,1,stable,6-10,gelding_stable,True
74,Shetlandpony,15,gelding,pellets,28.6,14.8,0.0,Munich,impaction,1,stable,11-15,gelding_stable,True
75,Welsh Pony,18,mare,silage,9.4,1.4,0.0,Cologne,gas,1,stable,16-20,mare_stable,True
76,Trakehner,15,mare,"fresh grass, hay",26.1,15.4,2.9,Dresden,spasmodic,2,pasture,11-15,mare_pasture,True
77,Westfale,18,mare,"hay, straw",12.6,4.5,4.4,Munich,"gas, impaction",2,paddock,16-20,mare_paddock,True
78,Paint Horse,26,mare,silage,22.3,15.7,0.5,Leipzig,spasmodic,1,stable,21+,mare_stable,True
79,Friese,25,gelding,"hay, pellets",14.9,10.0,0.5,Hamburg,sand,2,stable,21+,gelding_stable,True
80,Trakehner,29,mare,straw,11.4,3.5,0.4,Hanover,sand,1,stable,21+,mare_stable,True
81,Lipizzaner,6,gelding,straw,31.3,13.2,0.0,Stuttgart,torsion,1,pasture,6-10,gelding_pasture,True
82,Andalusier,13,stallion,"hay, haylage",14.1,8.5,3.5,Dresden,impaction,2,paddock,11-15,stallion_paddock,True
83,Andalusier,6,gelding,hay,2.7,0.0,4.1,Leipzig,torsion,1,paddock,6-10,gelding_paddock,True
84,Arabisches Vollblut,25,gelding,hay,14.5,8.4,10.5,Stuttgart,impaction,1,paddock,21+,gelding_paddock,True
85,Westfale,5,mare,corn,14.8,5.9,0.4,Stuttgart,impaction,1,paddock,0-5,mare_paddock,True
86,Paint Horse,12,mare,fresh grass,2.9,0.0,5.4,Leipzig,"gas, spasmodic",1,paddock,11-15,mare_paddock,True
87,Holsteiner,6,gelding,corn,20.3,18.0,1.5,Hanover,"sand, spasmodic",1,stable,6-10,gelding_stable,True
88,Englische Vollblüter,15,stallion,hay,11.7,2.9,0.0,Hanover,impaction,1,pasture,11-15,stallion_pasture,True
89,Deutsches Reitpony,19,stallion,silage,12.7,10.4,5.6,Stuttgart,"displacement, impaction",1,paddock,16-20,stallion_paddock,True
90,Friese,2,stallion,"silage, straw",13.2,6.4,0.0,Cologne,sand,2,stable,0-5,stallion_stable,True
91,Appaloosa,12,stallion,hay,5.7,-1.4,0.2,Frankfurt,impaction,1,paddock,11-15,stallion_paddock,True
92,Hannoveraner,28,stallion,haylage,12.4,1.9,0.0,Frankfurt,impaction,1,paddock,21+,stallion_paddock,True
93,Deutsches Reitpony,11,gelding,fresh grass,4.9,3.4,2.0,Frankfurt,spasmodic,1,paddock,11-15,gelding_paddock,True
94,Paint Horse,16,mare,haylage,15.5,10.8,1.0,Munich,torsion,1,paddock,16-20,mare_paddock,True
95,Andalusier,2,gelding,silage,27.2,17.4,0.0,Cologne,sand,1,stable,0-5,gelding_stable,True
96,Deutsches Reitpony,24,mare,haylage,18.2,3.1,0.0,Dresden,gas,1,paddock,21+,mare_paddock,True
97,Hannoveraner,25,mare,straw,7.3,0.5,0.0,Berlin,impaction,1,stable,21+,mare_stable,True
98,Oldenburger,22,stallion,hay,22.4,9.9,3.3,Hanover,spasmodic,1,stable,21+,stallion_stable,True
99,Andalusier,17,gelding,"pellets, straw",8.5,-3.7,0.0,Berlin,"displacement, spasmodic",2,pasture,16-20,gelding_pasture,True
100,Württemberger,28,mare,"haylage, pellets",4.7,1.8,1.0,Hamburg,displacement,2,paddock,21+,mare_paddock,True
101,Württemberger,15,mare,"hay, silage",5.5,1.4,0.8,Dresden,displacement,2,stable,11-15,mare_stable,True
102,Englische Vollblüter,23,stallion,silage,23.4,14.6,0.5,Stuttgart,"impaction, spasmodic",1,paddock,21+,stallion_paddock,True
103,Arabisches Vollblut,4,mare,"haylage, straw",21.9,9.0,0.0,Munich,displacement,2,paddock,0-5,mare_paddock,True
104,Trakehner,6,gelding,"hay, straw",22.9,13.1,0.5,Leipzig,"impaction, spasmodic",2,paddock,6-10,gelding_paddock,True
105,Trakehner,20,mare,fresh grass,8.8,6.0,6.2,Stuttgart,spasmodic,1,pasture,16-20,mare_pasture,True
106,Arabisches Vollblut,25,mare,"hay, silage",5.6,-2.2,0.0,Cologne,displacement,2,stable,21+,mare_stable,True
107,Württemberger,18,stallion,hay,30.5,17.7,0.0,Hanover,spasmodic,1,pasture,16-20,stallion_pasture,True
108,Oldenburger,7,mare,pellets,17.8,11.3,3.5,Munich,impaction,1,paddock,6-10,mare_paddock,True
109,Lipizzaner,23,mare,corn,15.1,9.3,2.4,Hamburg,spasmodic,1,pasture,21+,mare_pasture,True
110,Andalusier,1,mare,hay,8.3,2.4,8.5,Stuttgart,impaction,1,pasture,0-5,mare_pasture,True
111,Württemberger,27,mare,"hay, straw",-2.0,-7.5,0.0,Hamburg,gas,2,paddock,21+,mare_paddock,True
112,Friese,25,mare,hay,3.9,-3.9,9.9,Nuremberg,"impaction, sand",1,stable,21+,mare_stable,True
113,Oldenburger,30,stallion,corn,31.4,18.7,0.0,Hanover,"gas, impaction",1,pasture,21+,stallion_pasture,True
114,Englische Vollblüter,21,mare,"corn, pellets",23.4,9.8,0.0,Hanover,sand,2,stable,21+,mare_stable,True
115,Trakehner,22,gelding,hay,9.4,1.4,0.0,Cologne,spasmodic,1,pasture,21+,gelding_pasture,True
116,Paint Horse,7,mare,pellets,27.3,11.0,0.0,Hanover,gas,1,stable,6-10,mare_stable,True
117,Friese,14,stallion,haylage,2.5,-2.1,2.8,Hamburg,spasmodic,1,pasture,11-15,stallion_pasture,True
118,Friese,22,stallion,pellets,16.0,14.8,9.2,Stuttgart,spasmodic,1,stable,21+,stallion_stable,True
119,Hannoveraner,8,mare,hay,9.5,-0.3,0.1,Hamburg,impaction,1,paddock,6-10,mare_paddock,True
120,Appaloosa,27,mare,"hay, straw",20.7,5.2,0.0,Hanover,displacement,2,paddock,21+,mare_paddock,True
121,Haflinger,17,stallion,fresh grass,4.0,0.7,0.3,Leipzig,spasmodic,1,stable,16-20,stallion_stable,True
122,Appaloosa,6,mare,"haylage, silage",26.2,9.1,0.0,Hamburg,sand,2,paddock,6-10,mare_paddock,True
123,Welsh Pony,17,mare,hay,8.7,4.0,3.4,Stuttgart,gas,1,pasture,16-20,mare_pasture,True
124,Welsh Pony,23,stallion,pellets,20.4,11.3,0.8,Stuttgart,sand,1,paddock,21+,stallion_paddock,True
125,Islandpferd,11,mare,"fresh grass, hay",9.7,5.9,8.3,Nuremberg,impaction,2,pasture,11-15,mare_pasture,True
126,Shetlandpony,16,stallion,straw,18.8,12.4,14.4,Cologne,"impaction, torsion",1,paddock,16-20,stallion_paddock,True
127,Württemberger,9,gelding,haylage,24.3,10.9,0.0,Leipzig,"spasmodic, torsion",1,stable,6-10,gelding_stable,True
128,Paint Horse,9,mare,hay,11.4,3.8,6.9,Munich,"displacement, impaction",1,pasture,6-10,mare_pasture,True
129,Württemberger,13,mare,straw,4.5,-5.9,0.0,Nuremberg,spasmodic,1,paddock,11-15,mare_paddock,True
130,Trakehner,14,mare,"hay, haylage",2.5,-3.5,0.8,Dresden,gas,2,paddock,11-15,mare_paddock,True
131,Shetlandpony,6,gelding,hay,1.6,-3.9,0.5,Munich,spasmodic,1,paddock,6-10,gelding_paddock,True
132,Trakehner,30,gelding,corn,4.8,-4.0,6.7,Frankfurt,impaction,1,stable,21+,gelding_stable,True
133,Arabisches Vollblut,25,gelding,fresh grass,26.1,12.4,0.0,Hanover,spasmodic,1,paddock,21+,gelding_paddock,True
134,Westfale,22,gelding,hay,30.7,21.7,0.7,Nuremberg,displacement,1,pasture,21+,gelding_pasture,True
135,Lipizzaner,27,stallion,"hay, pellets",11.4,-2.3,0.0,Hanover,"impaction, sand",2,stable,21+,stallion_stable,True
136,Holsteiner,23,gelding,hay,15.2,6.3,0.1,Hamburg,"displacement, spasmodic",1,paddock,21+,gelding_paddock,True
137,Lipizzaner,28,stallion,straw,25.5,17.7,0.2,Cologne,gas,1,stable,21+,stallion_stable,True
138,Arabisches Vollblut,20,stallion,pellets,21.1,7.9,0.0,Leipzig,"impaction, spasmodic",1,pasture,16-20,stallion_pasture,True
139,Arabisches Vollblut,10,mare,straw,22.1,13.8,0.0,Dresden,torsion,1,stable,6-10,mare_stable,True
140,Friese,21,gelding,silage,22.7,13.7,0.0,Nuremberg,displacement,1,pasture,21+,gelding_pasture,True
141,Andalusier,21,mare,silage,12.2,2.9,0.0,Dresden,displacement,1,stable,21+,mare_stable,True
142,Arabisches Vollblut,7,gelding,pellets,12.5,4.3,7.9,Hamburg,spasmodic,1,pasture,6-10,gelding_pasture,True
143,Holsteiner,4,gelding,"hay, pellets",4.7,-0.4,0.4,Dresden,spasmodic,2,paddock,0-5,gelding_paddock,True
144,Appaloosa,1,gelding,pellets,24.6,9.0,0.0,Frankfurt,sand,1,pasture,0-5,gelding_pasture,True
145,Appaloosa,16,mare,hay,23.1,12.7,0.0,Nuremberg,"impaction, spasmodic",1,stable,16-20,mare_stable,True
146,Welsh Pony,27,stallion,straw,5.3,2.5,2.4,Leipzig,sand,1,pasture,21+,stallion_pasture,True
147,Hannoveraner,4,stallion,hay,32.8,22.4,0.6,Cologne,impaction,1,paddock,0-5,stallion_paddock,True
148,Trakehner,16,gelding,silage,20.0,11.0,0.0,Hamburg,gas,1,pasture,16-20,gelding_pasture,True
149,Holsteiner,3,mare,fresh grass,23.6,14.4,2.5,Hanover,"sand, torsion",1,paddock,0-5,mare_paddock,True
150,Englische Vollblüter,23,gelding,corn,7.8,2.5,0.0,Leipzig,"impaction, sand",1,paddock,21+,gelding_paddock,True
151,Arabisches Vollblut,23,gelding,straw,11.7,5.5,0.0,Nuremberg,displacement,1,stable,21+,gelding_stable,True
152,Oldenburger,13,mare,hay,3.5,-2.4,1.0,Nuremberg,gas,1,paddock,11-15,mare_paddock,True
153,Holsteiner,15,stallion,straw,22.7,9.2,0.0,Munich,torsion,1,paddock,11-15,stallion_paddock,True
154,Oldenburger,11,gelding,"hay, silage",15.8,1.9,0.0,Cologne,displacement,2,pasture,11-15,gelding_pasture,True
155,Haflinger,10,gelding,pellets,7.0,0.6,0.0,Leipzig,spasmodic,1,paddock,6-10,gelding_paddock,True
156,Haflinger,28,stallion,haylage,25.4,10.3,0.0,Munich,gas,1,stable,21+,stallion_stable,True
157,Shetlandpony,23,stallion,hay,19.4,4.7,0.1,Hamburg,spasmodic,1,paddock,21+,stallion_paddock,True
158,Andalusier,6,mare,hay,13.5,10.8,20.7,Nuremberg,displacement,1,paddock,6-10,mare_paddock,True
159,Westfale,7,mare,straw,17.2,3.5,0.0,Munich,"spasmodic, torsion",1,paddock,6-10,mare_paddock,True
160,Friese,21,stallion,hay,20.6,8.1,0.8,Nuremberg,"displacement, sand",1,stable,21+,stallion_stable,True
161,Arabisches Vollblut,2,stallion,hay,30.6,21.2,1.5,Hanover,impaction,1,paddock,0-5,stallion_paddock,True
162,Islandpferd,30,mare,haylage,0.4,-1.6,15.3,Hanover,"displacement, spasmodic",1,stable,21+,mare_stable,True
163,Islandpferd,10,gelding,fresh grass,23.8,11.0,1.1,Nuremberg,spasmodic,1,stable,6-10,gelding_stable,True
164,Württemberger,20,stallion,"hay, straw",8.3,3.9,5.4,Frankfurt,spasmodic,2,pasture,16-20,stallion_pasture,True
165,Trakehner,11,mare,corn,12.2,6.1,11.4,Stuttgart,"sand, spasmodic",1,paddock,11-15,mare_paddock,True
166,Oldenburger,11,gelding,pellets,10.3,4.5,8.8,Stuttgart,displacement,1,paddock,11-15,gelding_paddock,True
167,Oldenburger,6,gelding,straw,10.1,7.1,1.1,Berlin,sand,1,stable,6-10,gelding_stable,True
168,Arabisches Vollblut,12,gelding,straw,16.5,1.2,0.0,Frankfurt,spasmodic,1,paddock,11-15,gelding_paddock,True
169,Westfale,8,gelding,hay,13.5,5.5,5.4,Stuttgart,"displacement, impaction",1,paddock,6-10,gelding_paddock,True
170,American Quarter Horse,2,mare,"corn, haylage",18.5,11.3,0.0,Stuttgart,"displacement, sand",2,stable,0-5,mare_stable,True
171,American Quarter Horse,26,mare,pellets,11.5,5.1,8.5,Hanover,spasmodic,1,paddock,21+,mare_paddock,True
172,Oldenburger,7,gelding,haylage,27.8,12.4,0.0,Leipzig,spasmodic,1,pasture,6-10,gelding_pasture,True
173,Islandpferd,9,gelding,"hay, pellets",6.6,1.7,3.6,Munich,gas,2,paddock,6-10,gelding_paddock,True
174,Paint Horse,12,mare,"pellets, silage",10.7,5.8,2.3,Leipzig,impaction,2,pasture,11-15,mare_pasture,True
175,Andalusier,29,stallion,hay,2.5,0.8,0.5,Dresden,spasmodic,1,paddock,21+,stallion_paddock,True
176,Appaloosa,30,stallion,fresh grass,14.4,2.7,0.0,Hanover,"impaction, spasmodic",1,stable,21+,stallion_stable,True
177,Islandpferd,19,gelding,silage,12.4,-1.7,0.1,Stuttgart,sand,1,paddock,16-20,gelding_paddock,True
178,Islandpferd,10,mare,fresh grass,9.9,1.8,0.0,Frankfurt,displacement,1,pasture,6-10,mare_pasture,True
179,Hannoveraner,13,stallion,"corn, pellets",14.3,4.1,8.6,Hanover,impaction,2,stable,11-15,stallion_stable,True
180,Islandpferd,5,gelding,"pellets, straw",2.3,-0.6,2.6,Stuttgart,torsion,2,paddock,0-5,gelding_paddock,True
181,Appaloosa,15,gelding,"hay, haylage",24.0,15.9,0.0,Hanover,spasmodic,2,stable,11-15,gelding_stable,True
182,Hannoveraner,29,stallion,fresh grass,14.2,4.0,0.0,Dresden,spasmodic,1,paddock,21+,stallion_paddock,True
183,Welsh Pony,30,stallion,corn,23.0,14.2,0.0,Nuremberg,displacement,1,paddock,21+,stallion_paddock,True
184,Welsh Pony,14,stallion,"hay, silage",21.1,8.4,0.0,Berlin,displacement,2,pasture,11-15,stallion_pasture,True
185,Appaloosa,6,gelding,haylage,8.6,-0.7,0.1,Stuttgart,impaction,1,paddock,6-10,gelding_paddock,True
186,Holsteiner,22,mare,"fresh grass, straw",23.1,11.4,0.0,Leipzig,gas,2,paddock,21+,mare_paddock,True
187,Oldenburger,5,gelding,corn,16.2,10.2,5.0,Frankfurt,gas,1,stable,0-5,gelding_stable,True
188,Andalusier,20,mare,haylage,33.6,16.8,0.0,Stuttgart,"sand, spasmodic",1,pasture,16-20,mare_pasture,True
189,Shetlandpony,28,gelding,pellets,12.0,3.6,2.2,Hamburg,spasmodic,1,pasture,21+,gelding_pasture,True
190,Englische Vollblüter,27,mare,haylage,4.0,-2.1,0.9,Munich,displacement,1,stable,21+,mare_stable,True
191,Paint Horse,28,stallion,hay,18.5,6.6,0.0,Berlin,"gas, sand",1,pasture,21+,stallion_pasture,True
192,Oldenburger,11,stallion,corn,23.3,10.9,0.0,Dresden,"displacement, impaction",1,pasture,11-15,stallion_pasture,True
193,Haflinger,23,mare,hay,35.0,22.3,0.6,Hanover,displacement,1,stable,21+,mare_stable,True
194,Paint Horse,5,stallion,corn,6.7,3.7,0.0,Frankfurt,impaction,1,paddock,0-5,stallion_paddock,True
195,Friese,14,gelding,pellets,7.5,3.9,2.3,Leipzig,gas,1,paddock,11-15,gelding_paddock,True
196,Württemberger,26,gelding,"corn, hay",6.5,-4.9,0.0,Nuremberg,"displacement, torsion",2,paddock,21+,gelding_paddock,True
197,Paint Horse,4,stallion,"hay, pellets",5.4,-4.4,0.0,Munich,spasmodic,2,paddock,0-5,stallion_paddock,True
198,Welsh Pony,15,gelding,"silage, straw",23.3,17.0,2.8,Leipzig,"displacement, impaction",2,paddock,11-15,gelding_paddock,True
199,Friese,21,gelding,"hay, pellets",12.9,6.6,0.0,Leipzig,"gas, spasmodic",2,paddock,21+,gelding_paddock,True
200,Shetlandpony,5,stallion,pellets,8.4,-4.3,0.0,Stuttgart,spasmodic,1,pasture,0-5,stallion_pasture,True
201,Andalusier,17,gelding,hay,5.8,1.0,0.0,Frankfurt,impaction,1,paddock,16-20,gelding_paddock,True
202,Hannoveraner,14,gelding,silage,17.2,11.2,6.7,Frankfurt,impaction,1,paddock,11-15,gelding_paddock,True
203,Englische Vollblüter,18,gelding,straw,5.3,-0.9,0.0,Berlin,displacement,1,paddock,16-20,gelding_paddock,True
204,American Quarter Horse,1,stallion,haylage,16.1,2.9,0.0,Hanover,impaction,1,paddock,0-5,stallion_paddock,True
205,Welsh Pony,25,gelding,pellets,14.8,3.7,0.0,Hamburg,displacement,1,stable,21+,gelding_stable,True
206,Hannoveraner,16,stallion,"pellets, straw",17.1,7.5,0.5,Stuttgart,spasmodic,2,stable,16-20,stallion_stable,True
207,Englische Vollblüter,1,gelding,haylage,22.1,11.9,0.0,Nuremberg,impaction,1,pasture,0-5,gelding_pasture,True
208,Haflinger,14,gelding,"fresh grass, silage",34.4,18.1,0.0,Stuttgart,sand,2,stable,11-15,gelding_stable,True
209,Islandpferd,23,mare,pellets,22.0,14.5,17.4,Hamburg,gas,1,paddock,21+,mare_paddock,True
210,Holsteiner,24,gelding,haylage,5.7,0.8,0.0,Cologne,spasmodic,1,paddock,21+,gelding_paddock,True
211,Oldenburger,25,stallion,hay,14.1,2.7,0.0,Cologne,"impaction, torsion",1,stable,21+,stallion_stable,True
212,Württemberger,18,mare,haylage,9.7,4.1,0.3,Hamburg,torsion,1,stable,16-20,mare_stable,True
213,Appaloosa,14,mare,haylage,12.4,7.6,5.1,Cologne,displacement,1,paddock,11-15,mare_paddock,True
214,Shetlandpony,22,stallion,straw,6.9,-3.3,0.0,Stuttgart,displacement,1,paddock,21+,stallion_paddock,True
215,American Quarter Horse,14,mare,fresh grass,4.6,-2.3,0.0,Leipzig,spasmodic,1,pasture,11-15,mare_pasture,True
216,Württemberger,15,mare,corn,23.4,13.7,4.8,Cologne,displacement,1,stable,11-15,mare_stable,True
217,Deutsches Reitpony,14,stallion,"hay, silage",29.9,18.4,2.9,Nuremberg,"displacement, sand",2,paddock,11-15,stallion_paddock,True
218,Hannoveraner,12,gelding,"haylage, straw",26.9,17.0,0.0,Nuremberg,spasmodic,2,stable,11-15,gelding_stable,True
219,Lipizzaner,15,gelding,silage,14.7,7.5,6.2,Munich,gas,1,pasture,11-15,gelding_pasture,True
220,Haflinger,26,mare,pellets,2.3,-7.2,0.0,Frankfurt,"displacement, torsion",1,paddock,21+,mare_paddock,True
221,Hannoveraner,26,mare,fresh grass,29.6,14.0,0.0,Stuttgart,spasmodic,1,stable,21+,mare_stable,True
222,Trakehner,11,mare,haylage,14.2,7.6,0.0,Berlin,gas,1,stable,11-15,mare_stable,True
223,Friese,15,gelding,"corn, pellets",16.3,11.2,8.8,Dresden,sand,2,paddock,11-15,gelding_paddock,True
224,Appaloosa,24,gelding,"corn, straw",24.6,9.6,0.0,Leipzig,impaction,2,paddock,21+,gelding_paddock,True
225,Westfale,22,stallion,straw,24.5,14.8,0.0,Hanover,impaction,1,stable,21+,stallion_stable,True
226,Haflinger,22,stallion,silage,16.0,2.2,0.1,Hamburg,displacement,1,stable,21+,stallion_stable,True
227,Friese,13,gelding,"hay, pellets",20.3,12.2,8.7,Nuremberg,displacement,2,pasture,11-15,gelding_pasture,True
228,Shetlandpony,25,gelding,hay,31.8,16.8,0.0,Hanover,gas,1,paddock,21+,gelding_paddock,True
229,American Quarter Horse,3,mare,silage,25.4,16.0,2.8,Leipzig,impaction,1,pasture,0-5,mare_pasture,True
230,Deutsches Reitpony,25,stallion,"hay, pellets",8.7,3.7,0.4,Berlin,impaction,2,pasture,21+,stallion_pasture,True
231,Shetlandpony,8,stallion,"haylage, silage",28.7,16.3,0.1,Hanover,displacement,2,paddock,6-10,stallion_paddock,True
232,Westfale,4,stallion,straw,19.5,7.4,0.7,Dresden,displacement,1,stable,0-5,stallion_stable,True
233,Lipizzaner,10,stallion,hay,8.4,4.9,5.0,Leipzig,impaction,1,pasture,6-10,stallion_pasture,True
234,Englische Vollblüter,25,gelding,"haylage, silage",22.3,13.5,0.0,Berlin,spasmodic,2,paddock,21+,gelding_paddock,True
235,Appaloosa,5,stallion,hay,4.7,-0.4,0.4,Dresden,impaction,1,stable,0-5,stallion_stable,True
236,Appaloosa,19,mare,straw,30.8,21.8,11.2,Hanover,displacement,1,pasture,16-20,mare_pasture,True
237,Englische Vollblüter,18,gelding,corn,25.3,17.0,1.7,Frankfurt,gas,1,paddock,16-20,gelding_paddock,True
238,Welsh Pony,23,mare,corn,24.8,16.3,4.7,Cologne,impaction,1,stable,21+,mare_stable,True
239,Holsteiner,20,mare,haylage,12.6,6.0,0.1,Berlin,"impaction, sand",1,pasture,16-20,mare_pasture,True
240,Islandpferd,14,mare,pellets,19.0,6.9,1.6,Munich,torsion,1,pasture,11-15,mare_pasture,True
241,Friese,9,gelding,haylage,19.2,4.6,0.0,Munich,"impaction, torsion",1,paddock,6-10,gelding_paddock,True
242,Arabisches Vollblut,15,mare,"hay, silage",26.0,12.3,0.0,Leipzig,gas,2,paddock,11-15,mare_paddock,True
243,Deutsches Reitpony,10,stallion,hay,28.6,17.8,0.0,Cologne,gas,1,paddock,6-10,stallion_paddock,True
244,Hannoveraner,14,mare,hay,16.2,2.5,0.0,Hamburg,"gas, spasmodic",1,stable,11-15,mare_stable,True
245,Trakehner,7,stallion,fresh grass,17.0,12.6,9.1,Frankfurt,displacement,1,paddock,6-10,stallion_paddock,True
246,Lipizzaner,20,mare,hay,15.0,4.4,0.1,Frankfurt,sand,1,pasture,16-20,mare_pasture,True
247,Hannoveraner,2,gelding,hay,17.7,2.8,0.0,Hamburg,impaction,1,stable,0-5,gelding_stable,True
248,Deutsches Reitpony,17,stallion,"haylage, silage",8.5,2.0,0.0,Dresden,impaction,2,pasture,16-20,stallion_pasture,True
249,Paint Horse,9,gelding,haylage,7.1,1.9,5.3,Hamburg,torsion,1,paddock,6-10,gelding_paddock,True
250,Appaloosa,11,stallion,silage,15.2,3.5,0.1,Frankfurt,impaction,1,paddock,11-15,stallion_paddock,True
251,American Quarter Horse,22,mare,hay,18.1,6.8,0.0,Cologne,displacement,1,paddock,21+,mare_paddock,True
252,Englische Vollblüter,7,gelding,pellets,23.4,14.8,6.0,Nuremberg,"displacement, torsion",1,pasture,6-10,gelding_pasture,True
253,Westfale,21,stallion,"hay, pellets",-2.2,-6.4,0.0,Berlin,spasmodic,2,pasture,21+,stallion_pasture,True
254,Hannoveraner,24,gelding,fresh grass,27.6,19.6,2.5,Nuremberg,spasmodic,1,paddock,21+,gelding_paddock,True
255,Trakehner,12,mare,hay,4.4,1.5,5.1,Stuttgart,impaction,1,stable,11-15,mare_stable,True
256,Oldenburger,22,gelding,fresh grass,0.4,-1.6,1.6,Dresden,gas,1,paddock,21+,gelding_paddock,True
257,Andalusier,22,gelding,straw,20.7,12.5,0.5,Leipzig,"gas, impaction",1,paddock,21+,gelding_paddock,True
258,Welsh Pony,20,mare,pellets,19.6,12.8,1.6,Berlin,impaction,1,stable,16-20,mare_stable,True
259,American Quarter Horse,15,mare,hay,7.2,-2.8,1.6,Berlin,spasmodic,1,paddock,11-15,mare_paddock,True
260,Paint Horse,23,gelding,pellets,23.8,17.0,0.0,Berlin,gas,1,pasture,21+,gelding_pasture,True
261,Trakehner,15,gelding,"haylage, straw",18.7,10.3,4.5,Hanover,spasmodic,2,pasture,11-15,gelding_pasture,True
262,Friese,25,gelding,haylage,24.0,12.4,0.0,Leipzig,impaction,1,pasture,21+,gelding_pasture,True
263,Haflinger,5,stallion,silage,16.9,11.4,8.5,Hanover,spasmodic,1,stable,0-5,stallion_stable,True
264,Haflinger,4,mare,haylage,24.5,13.2,0.0,Hanover,"gas, sand",1,pasture,0-5,mare_pasture,True
265,Welsh Pony,12,gelding,silage,9.8,5.9,17.5,Stuttgart,displacement,1,stable,11-15,gelding_stable,True
266,Islandpferd,21,stallion,fresh grass,12.8,2.5,0.0,Frankfurt,spasmodic,1,pasture,21+,stallion_pasture,True
267,Württemberger,21,stallion,"fresh grass, haylage",23.5,7.8,2.0,Nuremberg,spasmodic,2,paddock,21+,stallion_paddock,True
268,Islandpferd,14,mare,hay,2.3,-4.7,0.0,Nuremberg,displacement,1,pasture,11-15,mare_pasture,True
269,Westfale,23,mare,"hay, pellets",9.7,6.6,18.4,Cologne,"displacement, gas",2,pasture,21+,mare_pasture,True
270,Lipizzaner,11,gelding,hay,11.8,1.6,8.2,Berlin,gas,1,stable,11-15,gelding_stable,True
271,Haflinger,3,stallion,pellets,17.4,9.2,0.0,Nuremberg,spasmodic,1,stable,0-5,stallion_stable,True
272,Welsh Pony,12,stallion,straw,14.6,9.6,2.5,Hamburg,spasmodic,1,stable,11-15,stallion_stable,True
273,Paint Horse,22,mare,"fresh grass, straw",22.2,7.6,0.0,Frankfurt,impaction,2,stable,21+,mare_stable,True
274,Islandpferd,12,mare,pellets,6.2,-2.1,0.6,Nuremberg,torsion,1,stable,11-15,mare_stable,True
275,Arabisches Vollblut,16,gelding,"corn, haylage",20.2,9.8,0.0,Munich,sand,2,pasture,16-20,gelding_pasture,True
276,Haflinger,1,stallion,hay,6.8,2.6,1.3,Hamburg,sand,1,pasture,0-5,stallion_pasture,True
277,Deutsches Reitpony,25,mare,straw,29.2,19.5,4.0,Cologne,gas,1,pasture,21+,mare_pasture,True
278,Islandpferd,24,stallion,silage,2.7,1.5,0.0,Leipzig,"displacement, impaction",1,stable,21+,stallion_stable,True
279,Lipizzaner,6,mare,"corn, haylage",17.3,4.2,0.0,Cologne,gas,2,pasture,6-10,mare_pasture,True
280,Andalusier,10,stallion,hay,11.9,3.0,0.0,Frankfurt,gas,1,stable,6-10,stallion_stable,True
281,Islandpferd,1,gelding,fresh grass,30.5,19.7,0.0,Cologne,impaction,1,pasture,0-5,gelding_pasture,True
282,Trakehner,18,stallion,"hay, straw",27.1,13.5,0.0,Frankfurt,sand,2,stable,16-20,stallion_stable,True
283,Württemberger,28,stallion,silage,16.7,12.7,6.6,Leipzig,spasmodic,1,stable,21+,stallion_stable,True
284,Hannoveraner,27,mare,pellets,24.3,18.0,16.2,Nuremberg,impaction,1,paddock,21+,mare_paddock,True
285,Haflinger,13,stallion,hay,15.6,2.7,0.0,Leipzig,"displacement, spasmodic",1,stable,11-15,stallion_stable,True
286,Welsh Pony,11,mare,straw,13.5,1.4,3.6,Cologne,sand,1,paddock,11-15,mare_paddock,True
287,Shetlandpony,6,gelding,haylage,7.9,2.3,0.0,Hamburg,sand,1,pasture,6-10,gelding_pasture,True
288,Andalusier,24,mare,hay,13.4,4.6,0.0,Cologne,spasmodic,1,stable,21+,mare_stable,True
289,Arabisches Vollblut,14,mare,silage,22.8,12.7,0.4,Leipzig,impaction,1,stable,11-15,mare_stable,True
290,Württemberger,2,gelding,straw,22.4,14.2,1.5,Stuttgart,torsion,1,paddock,0-5,gelding_paddock,True
291,Friese,28,mare,silage,27.3,20.9,1.4,Cologne,impaction,1,pasture,21+,mare_pasture,True
292,Deutsches Reitpony,3,mare,haylage,23.0,13.6,0.0,Cologne,impaction,1,paddock,0-5,mare_paddock,True
293,Paint Horse,30,stallion,"pellets, straw",20.7,11.2,0.0,Frankfurt,impaction,2,stable,21+,stallion_stable,True
294,Württemberger,18,mare,straw,23.4,11.2,0.0,Frankfurt,displacement,1,pasture,16-20,mare_pasture,True
295,Trakehner,6,mare,fresh grass,22.3,9.8,1.6,Hamburg,impaction,1,pasture,6-10,mare_pasture,True
296,Welsh Pony,23,stallion,"corn, straw",8.9,2.7,0.5,Nuremberg,sand,2,pasture,21+,stallion_pasture,True
297,Shetlandpony,25,mare,pellets,9.6,2.3,0.0,Nuremberg,impaction,1,pasture,21+,mare_pasture,True
298,Shetlandpony,27,gelding,"silage, straw",24.4,10.1,0.0,Frankfurt,"displacement, spasmodic",2,stable,21+,gelding_stable,True
299,Shetlandpony,11,gelding,straw,0.5,-4.0,0.4,Berlin,spasmodic,1,pasture,11-15,gelding_pasture,True
300,Haflinger,16,stallion,"haylage, straw",25.1,17.6,0.5,Cologne,spasmodic,2,stable,16-20,stallion_stable,True
301,Württemberger,16,mare,haylage,8.7,3.2,1.2,Frankfurt,gas,1,paddock,16-20,mare_paddock,True
302,Lipizzaner,2,mare,haylage,23.8,15.0,0.0,Cologne,"displacement, spasmodic",1,pasture,0-5,mare_pasture,True
303,Holsteiner,7,stallion,hay,31.3,19.9,75.4,Hanover,displacement,1,paddock,6-10,stallion_paddock,True
304,American Quarter Horse,17,mare,silage,5.9,1.6,8.3,Stuttgart,sand,1,stable,16-20,mare_stable,True
305,Trakehner,21,gelding,fresh grass,15.4,8.9,0.3,Berlin,"displacement, impaction",1,paddock,21+,gelding_paddock,True
306,Oldenburger,21,gelding,hay,-0.6,-8.7,0.4,Nuremberg,spasmodic,1,paddock,21+,gelding_paddock,True
307,Holsteiner,7,stallion,hay,11.4,6.9,1.1,Berlin,"displacement, impaction",1,stable,6-10,stallion_stable,True
308,Württemberger,26,stallion,straw,26.7,11.6,0.0,Berlin,gas,1,paddock,21+,stallion_paddock,True
309,Paint Horse,30,mare,haylage,12.6,1.3,0.0,Frankfurt,spasmodic,1,pasture,21+,mare_pasture,True
310,Deutsches Reitpony,29,stallion,"corn, pellets",7.4,5.7,26.8,Hamburg,"impaction, spasmodic",2,pasture,21+,stallion_pasture,True
311,Trakehner,25,mare,"pellets, straw",20.0,8.2,0.0,Berlin,sand,2,pasture,21+,mare_pasture,True
312,Deutsches Reitpony,18,mare,"hay, pellets",27.4,21.3,4.6,Hamburg,spasmodic,2,paddock,16-20,mare_paddock,True
313,Deutsches Reitpony,12,gelding,"hay, pellets",19.6,8.8,0.0,Berlin,sand,2,stable,11-15,gelding_stable,True
314,American Quarter Horse,29,mare,haylage,22.0,10.5,0.0,Hamburg,displacement,1,stable,21+,mare_stable,True
315,Welsh Pony,26,stallion,fresh grass,22.2,8.4,0.0,Munich,spasmodic,1,paddock,21+,stallion_paddock,True
316,Lipizzaner,28,gelding,silage,21.7,13.8,7.7,Frankfurt,spasmodic,1,pasture,21+,gelding_pasture,True
317,Deutsches Reitpony,23,gelding,corn,15.5,10.0,1.7,Hamburg,impaction,1,paddock,21+,gelding_paddock,True
318,Oldenburger,6,mare,hay,9.9,5.9,6.6,Cologne,displacement,1,pasture,6-10,mare_pasture,True
319,Islandpferd,19,gelding,hay,15.0,1.1,0.0,Stuttgart,spasmodic,1,pasture,16-20,gelding_pasture,True
320,Islandpferd,12,gelding,hay,20.1,9.9,0.6,Dresden,impaction,1,pasture,11-15,gelding_pasture,True
321,Andalusier,27,mare,"haylage, silage",1.7,-4.5,0.0,Nuremberg,"gas, sand",2,stable,21+,mare_stable,True
322,Appaloosa,10,mare,pellets,24.3,18.0,21.4,Nuremberg,spasmodic,1,stable,6-10,mare_stable,True
323,American Quarter Horse,17,mare,"fresh grass, hay",21.2,13.3,0.1,Dresden,gas,2,stable,16-20,mare_stable,True
324,Deutsches Reitpony,21,mare,hay,27.7,20.7,3.3,Nuremberg,impaction,1,stable,21+,mare_stable,True
325,Lipizzaner,5,stallion,pellets,4.0,-1.1,0.2,Dresden,"impaction, spasmodic",1,pasture,0-5,stallion_pasture,True
326,Englische Vollblüter,19,gelding,"pellets, straw",6.2,-0.4,3.3,Stuttgart,impaction,2,paddock,16-20,gelding_paddock,True
327,Lipizzaner,1,mare,"hay, straw",25.9,16.7,0.6,Stuttgart,gas,2,stable,0-5,mare_stable,True
328,Württemberger,18,mare,straw,12.9,6.5,2.3,Leipzig,sand,1,pasture,16-20,mare_pasture,True
329,Württemberger,30,stallion,haylage,21.7,6.1,0.0,Stuttgart,torsion,1,stable,21+,stallion_stable,True
330,Friese,24,mare,"fresh grass, hay",-2.9,-7.2,0.7,Frankfurt,displacement,2,stable,21+,mare_stable,True
331,Oldenburger,17,mare,pellets,5.4,0.0,1.9,Cologne,spasmodic,1,stable,16-20,mare_stable,True
332,Hannoveraner,4,mare,corn,15.8,5.8,3.2,Hanover,displacement,1,pasture,0-5,mare_pasture,True
333,Lipizzaner,13,mare,straw,15.4,10.6,0.7,Hamburg,"displacement, torsion",1,stable,11-15,mare_stable,True
334,Lipizzaner,3,stallion,hay,15.1,12.6,26.9,Cologne,"displacement, spasmodic",1,paddock,0-5,stallion_paddock,True
335,Andalusier,8,mare,haylage,9.9,6.8,0.2,Leipzig,spasmodic,1,stable,6-10,mare_stable,True
336,Hannoveraner,7,mare,corn,31.9,19.8,0.0,Hanover,spasmodic,1,pasture,6-10,mare_pasture,True
337,Trakehner,28,gelding,pellets,24.8,13.8,4.2,Hamburg,spasmodic,1,pasture,21+,gelding_pasture,True
338,Appaloosa,29,stallion,hay,32.9,23.1,0.0,Hanover,spasmodic,1,stable,21+,stallion_stable,True
